序号,链接,节点数
0,https://SJmsK2.mcsslk.xyz/3af852a0ac057a2d90fbb3a7731c0262,0
1,https://gitlab.com/colloq168/nodefiltrate/-/raw/main/filtrate?ref_type=heads,0
2,https://raw.githubusercontent.com/Alvin9999/pac2/master/clash.meta2/1/config.yaml,1
3,https://raw.githubusercontent.com/Alvin9999/pac2/master/clash.meta2/13/config.yaml,1
4,https://raw.githubusercontent.com/Alvin9999/pac2/master/clash.meta2/15/config.yaml,1
5,https://raw.githubusercontent.com/Alvin9999/pac2/master/clash.meta2/2/config.yaml,1
6,https://raw.githubusercontent.com/Alvin9999/pac2/master/clash.meta2/config.yaml,1
7,https://raw.githubusercontent.com/Huibq/TrojanLinks/master/links/vmess,0
8,https://raw.githubusercontent.com/Surfboardv2ray/TGParse/main/python/hy2,0
9,https://raw.githubusercontent.com/Surfboardv2ray/TGParse/main/python/hysteria2,67
10,https://raw.githubusercontent.com/qjlxg/hy2/main/splitted/hy2,0
11,https://raw.githubusercontent.com/ripaojiedian/freenode/main/clash,12
12,https://raw.githubusercontent.com/ripaojiedian/freenode/main/sub,14
13,https://raw.githubusercontent.com/zhangkaiitugithub/passcro/main/speednodes.yaml,27
14,https://ucujoq.absslk.xyz/b2f3b04172130dc8e5ff6e5afd7df05b,0
15,dynamic://peasoft,0

总计,,95
